{"cameraMode":{"drawMode":0,"name":"Shaded","section":"Shading Mode"},"sceneLighting":true,"audioPlay":false,"sceneViewState":{"m_AlwaysRefresh":false,"showFog":false,"showSkybox":false,"showFlares":false,"showImageEffects":true,"showParticleSystems":true,"showVisualEffectGraphs":true,"m_FxEnabled":true},"in2DMode":false,"pivot":{"x":-0.06019306555390358,"y":-0.12952330708503724,"z":-0.03720837086439133},"rotation":{"x":0.042875148355960849,"y":-0.9278898239135742,"z":0.11242718994617462,"w":0.35307419300079348},"size":0.996936559677124,"orthographic":false}